feature,fic_score,in_top_k_count
min_seg_size_forward,1.0,4
source_port,0.5,3
bwd_packet_length_min,0.5,3
protocol,0.5,3
down_up_ratio,0.5,3
init_win_bytes_forward,0.5,3
min_packet_length,0.16666666666666666,2
destination_port,0.16666666666666666,2
ack_flag_count,0.16666666666666666,2
urg_flag_count,0.16666666666666666,2
psh_flag_count,0.16666666666666666,2
avg_bwd_segment_size,0.16666666666666666,2
bwd_packet_length_max,0.0,0
bwd_packet_length_mean,0.0,0
bwd_packet_length_std,0.0,1
fwd_iat_total,0.0,0
fwd_packet_length_max,0.0,0
fwd_packet_length_min,0.0,1
fwd_packet_length_std,0.0,0
fwd_packet_length_mean,0.0,0
total_backward_packets,0.0,0
total_length_of_fwd_packets,0.0,0
total_length_of_bwd_packets,0.0,0
total_fwd_packets,0.0,0
bwd_iat_max,0.0,0
bwd_iat_std,0.0,0
bwd_iat_mean,0.0,0
bwd_iat_total,0.0,1
fwd_iat_min,0.0,0
fwd_iat_max,0.0,0
fwd_iat_std,0.0,0
fwd_iat_mean,0.0,1
max_packet_length,0.0,0
bwd_packetss,0.0,1
fwd_packetss,0.0,0
packet_length_mean,0.0,0
bwd_header_length,0.0,0
bwd_iat_min,0.0,0
fwd_header_length,0.0,0
fwd_psh_flags,0.0,0
syn_flag_count,0.0,0
packet_length_std,0.0,0
packet_length_variance,0.0,0
fin_flag_count,0.0,1
avg_fwd_segment_size,0.0,0
average_packet_size,0.0,1
init_win_bytes_backward,0.0,0
act_data_pkt_fwd,0.0,1
active_mean,0.0,0
active_std,0.0,0
active_max,0.0,0
active_min,0.0,0
idle_mean,0.0,0
idle_std,0.0,1
idle_max,0.0,0
idle_min,0.0,0
